{
  "scale_pos_weight": 4.7904605574670915,
  "cost_matrix": {
    "TN": 0,
    "FP": 1,
    "FN": 5,
    "TP": 0
  },
  "imbalance_ratio": 4.7904605574670915,
  "minority_class_prevalence": 0.17269783466713187
}