{
  "best_params": {
    "num_leaves": 76,
    "max_depth": 3,
    "learning_rate": 0.018077908044451176,
    "n_estimators": 800,
    "min_child_samples": 56,
    "subsample": 0.6341941706158444,
    "colsample_bytree": 0.8713114770290222,
    "reg_alpha": 6.752164909693452e-05,
    "reg_lambda": 95.80941555130495,
    "min_split_gain": 1.347730230899775e-07,
    "device": "gpu",
    "class_weight": "balanced",
    "random_state": 42,
    "n_jobs": 1,
    "verbosity": -1,
    "objective": "binary"
  },
  "cv_clinical_score": 0.601548091463698,
  "test_clinical_score": 0.593733791065314,
  "n_trials": 59,
  "refit_time_seconds": 7.370856285095215
}