{
  "best_params": {
    "n_estimators": 600,
    "max_depth": 20,
    "min_samples_split": 81,
    "min_samples_leaf": 39,
    "max_features": "sqrt",
    "max_samples": 0.8490682171268964,
    "min_impurity_decrease": 0.00011972052494269015,
    "bootstrap": true,
    "class_weight": "balanced",
    "random_state": 42,
    "n_jobs": -1
  },
  "cv_clinical_score": 0.5933449989189834,
  "test_clinical_score": 0.5905310554545435,
  "n_trials": 210,
  "train_time_seconds": 13.637368440628052
}